id,name,parent_id/id
product.category_Bijoux,Bijoux,
product.category_Affaires,Affaires,
product.category_Voyage,Voyage,
product.category_Caddies,Caddies,
product.category_Manucure,Manucure,
product.category_Garniturebureau,Garniture bureau,
product.category_Shopping,Shopping,
product.category_146,146,product.category_Bijoux
product.category_253,253,product.category_Affaires
product.category_255,255,product.category_Affaires
product.category_282,282,product.category_Affaires
product.category_259,259,product.category_Affaires
product.category_260,260,product.category_Affaires
product.category_261,261,product.category_Affaires
product.category_262,262,product.category_Voyage
product.category_267,267,product.category_Voyage
product.category_269,269,product.category_Voyage
product.category_268,268,product.category_Affaires
product.category_269EVA,269EVA,product.category_Voyage
product.category_269PIPING,269PIPING,product.category_Voyage
product.category_272,272,product.category_Voyage
product.category_273,273,product.category_Voyage
product.category_274,274,product.category_Voyage
product.category_280,280,product.category_Affaires
product.category_282,282,product.category_Affaires
product.category_283,283,product.category_Affaires
product.category_285,285,product.category_Affaires
product.category_343,343,product.category_Bijoux
product.category_344,344,product.category_Bijoux
product.category_345,345,product.category_Bijoux
product.category_346,346,product.category_Bijoux
product.category_347,347,product.category_Bijoux
product.category_348,348,product.category_Bijoux
product.category_349,349,product.category_Bijoux
product.category_350,350,product.category_Bijoux
product.category_351,351,product.category_Bijoux
product.category_352,352,product.category_Bijoux
product.category_353,353,product.category_Bijoux
product.category_354,354,product.category_Bijoux
product.category_355,355,product.category_Bijoux
product.category_356,356,product.category_Bijoux
product.category_357,357,product.category_Bijoux
product.category_358,358,product.category_Bijoux
product.category_359,359,product.category_Bijoux
product.category_360,360,product.category_Bijoux
product.category_361,361,product.category_Bijoux
product.category_362,362,product.category_Bijoux
product.category_363,363,product.category_Bijoux
product.category_364,364,product.category_Bijoux
product.category_365,365,product.category_Bijoux
product.category_366,366,product.category_Bijoux
product.category_367,367,product.category_Bijoux
product.category_368,368,product.category_Bijoux
product.category_369,369,product.category_Bijoux
product.category_370,370,product.category_Bijoux
product.category_371,371,product.category_Bijoux
product.category_372,372,product.category_Bijoux
product.category_373,373,product.category_Bijoux
product.category_374,374,product.category_Bijoux
product.category_375,375,product.category_Bijoux
product.category_376,376,product.category_Bijoux
product.category_377,377,product.category_Bijoux
product.category_378,378,product.category_Bijoux
product.category_379,379,product.category_Bijoux
product.category_380,380,product.category_Bijoux
product.category_381,381,product.category_Bijoux
product.category_382,382,product.category_Bijoux
product.category_383,383,product.category_Bijoux
product.category_384,384,product.category_Bijoux
product.category_385,385,product.category_Bijoux
product.category_386,386,product.category_Bijoux
product.category_387,387,product.category_Bijoux
product.category_388,388,product.category_Bijoux
product.category_389,389,product.category_Bijoux
product.category_390,390,product.category_Bijoux
product.category_391,391,product.category_Bijoux
product.category_392,392,product.category_Bijoux
product.category_393,393,product.category_Bijoux
product.category_394,394,product.category_Bijoux
product.category_395,395,product.category_Bijoux
product.category_396,396,product.category_Bijoux
product.category_397,397,product.category_Bijoux
product.category_398,398,product.category_Bijoux
product.category_399,399,product.category_Bijoux
product.category_400,400,product.category_Bijoux
product.category_401,401,product.category_Bijoux
product.category_402,402,product.category_Bijoux
product.category_403,403,product.category_Bijoux
product.category_404,404,product.category_Bijoux
product.category_405,405,product.category_Bijoux
product.category_406,406,product.category_Bijoux
product.category_407,407,product.category_Bijoux
product.category_408,408,product.category_Bijoux
product.category_409,409,product.category_Bijoux
product.category_410,410,product.category_Bijoux
product.category_411,411,product.category_Bijoux
product.category_412,412,product.category_Bijoux
product.category_413,413,product.category_Bijoux
product.category_414,414,product.category_Bijoux
product.category_415,415,product.category_Bijoux
product.category_416,416,product.category_Bijoux
product.category_417,417,product.category_Bijoux
product.category_418,418,product.category_Bijoux
product.category_419,419,product.category_Bijoux
product.category_420,420,product.category_Bijoux
product.category_421,421,product.category_Bijoux
product.category_422,422,product.category_Bijoux
product.category_423,423,product.category_Bijoux
product.category_424,424,product.category_Bijoux
product.category_425,425,product.category_Bijoux
product.category_426,426,product.category_Bijoux
product.category_427,427,product.category_Bijoux
product.category_428,428,product.category_Bijoux
product.category_429,429,product.category_Bijoux
product.category_430,430,product.category_Affaires
product.category_431,431,product.category_Affaires
product.category_432,432,product.category_Affaires
product.category_433,433,product.category_Affaires
product.category_434,434,product.category_Affaires
product.category_435,435,product.category_Affaires
product.category_436,436,product.category_Affaires
product.category_437,437,product.category_Affaires
product.category_438,438,product.category_Affaires
product.category_439,439,product.category_Affaires
product.category_440,440,product.category_Affaires
product.category_441,441,product.category_Affaires
product.category_442,442,product.category_Affaires
product.category_443,443,product.category_Affaires
product.category_444,444,product.category_Affaires
product.category_445,445,product.category_Affaires
product.category_446,446,product.category_Affaires
product.category_447,447,product.category_Affaires
product.category_448,448,product.category_Affaires
product.category_449,449,product.category_Affaires
product.category_450,450,product.category_Affaires
product.category_451,451,product.category_Affaires
product.category_452,452,product.category_Affaires
product.category_453,453,product.category_Affaires
product.category_454,454,product.category_Affaires
product.category_455,455,product.category_Affaires
product.category_456,456,product.category_Affaires
product.category_457,457,product.category_Affaires
product.category_458,458,product.category_Affaires
product.category_459,459,product.category_Affaires
product.category_460,460,product.category_Affaires
product.category_461,461,product.category_Affaires
product.category_462,462,product.category_Affaires
product.category_463,463,product.category_Affaires
product.category_464,464,product.category_Affaires
product.category_465,465,product.category_Affaires
product.category_466,466,product.category_Affaires
product.category_467,467,product.category_Affaires
product.category_468,468,product.category_Affaires
product.category_469,469,product.category_Affaires
product.category_470,470,product.category_Manucure
product.category_471,471,product.category_Manucure
product.category_472,472,product.category_Manucure
product.category_473,473,product.category_Manucure
product.category_474,474,product.category_Manucure
product.category_475,475,product.category_Manucure
product.category_476,476,product.category_Manucure
product.category_477,477,product.category_Manucure
product.category_478,478,product.category_Manucure
product.category_479,479,product.category_Manucure
product.category_480,480,product.category_Manucure
product.category_481,481,product.category_Manucure
product.category_482,482,product.category_Manucure
product.category_483,483,product.category_Manucure
product.category_484,484,product.category_Manucure
product.category_485,485,product.category_Manucure
product.category_486,486,product.category_Manucure
product.category_487,487,product.category_Manucure
product.category_488,488,product.category_Manucure
product.category_489,489,product.category_Manucure
product.category_490,490,product.category_Manucure
product.category_491,491,product.category_Garniturebureau
product.category_492,492,product.category_Garniturebureau
product.category_493,493,product.category_Garniturebureau
product.category_494,494,product.category_Garniturebureau
product.category_495,495,product.category_Garniturebureau
product.category_496,496,product.category_Garniturebureau
product.category_497,497,product.category_Garniturebureau
product.category_498,498,product.category_Garniturebureau
product.category_499,499,product.category_Garniturebureau
product.category_500,500,product.category_Bijoux
product.category_501,501,product.category_Bijoux
product.category_502,502,product.category_Bijoux
product.category_503,503,product.category_Bijoux
product.category_504,504,product.category_Bijoux
product.category_505,505,product.category_Bijoux
product.category_506,506,product.category_Bijoux
product.category_507,507,product.category_Bijoux
product.category_508,508,product.category_Bijoux
product.category_509,509,product.category_Bijoux
product.category_510,510,product.category_Bijoux
product.category_511,511,product.category_Bijoux
product.category_512,512,product.category_Bijoux
product.category_513,513,product.category_Bijoux
product.category_514,514,product.category_Bijoux
product.category_515,515,product.category_Bijoux
product.category_516,516,product.category_Bijoux
product.category_517,517,product.category_Bijoux
product.category_518,518,product.category_Bijoux
product.category_519,519,product.category_Bijoux
product.category_520,520,product.category_Bijoux
product.category_521,521,product.category_Bijoux
product.category_522,522,product.category_Bijoux
product.category_523,523,product.category_Bijoux
product.category_524,524,product.category_Bijoux
product.category_525,525,product.category_Bijoux
product.category_526,526,product.category_Bijoux
product.category_527,527,product.category_Bijoux
product.category_528,528,product.category_Bijoux
product.category_529,529,product.category_Bijoux
product.category_530,530,product.category_Bijoux
product.category_531,531,product.category_Bijoux
product.category_532,532,product.category_Bijoux
product.category_533,533,product.category_Bijoux
product.category_534,534,product.category_Bijoux
product.category_535,535,product.category_Bijoux
product.category_536,536,product.category_Bijoux
product.category_537,537,product.category_Bijoux
product.category_538,538,product.category_Bijoux
product.category_539,539,product.category_Bijoux
product.category_540,540,product.category_Bijoux
product.category_541,541,product.category_Bijoux
product.category_542,542,product.category_Bijoux
product.category_543,543,product.category_Bijoux
product.category_544,544,product.category_Bijoux
product.category_545,545,product.category_Bijoux
product.category_546,546,product.category_Bijoux
product.category_547,547,product.category_Bijoux
product.category_548,548,product.category_Bijoux
product.category_549,549,product.category_Bijoux
product.category_550,550,product.category_Bijoux
product.category_551,551,product.category_Bijoux
product.category_552,552,product.category_Bijoux
product.category_553,553,product.category_Bijoux
product.category_554,554,product.category_Bijoux
product.category_555,555,product.category_Bijoux
product.category_556,556,product.category_Bijoux
product.category_557,557,product.category_Bijoux
product.category_558,558,product.category_Bijoux
product.category_559,559,product.category_Bijoux
product.category_560,560,product.category_Bijoux
product.category_561,561,product.category_Bijoux
product.category_562,562,product.category_Bijoux
product.category_563,563,product.category_Bijoux
product.category_564,564,product.category_Bijoux
product.category_565,565,product.category_Bijoux
product.category_566,566,product.category_Bijoux
product.category_567,567,product.category_Bijoux
product.category_568,568,product.category_Bijoux
product.category_569,569,product.category_Bijoux
product.category_570,570,product.category_Bijoux
product.category_571,571,product.category_Bijoux
product.category_572,572,product.category_Bijoux
product.category_573,573,product.category_Bijoux
product.category_574,574,product.category_Bijoux
product.category_575,575,product.category_Bijoux
product.category_576,576,product.category_Bijoux
product.category_577,577,product.category_Bijoux
product.category_578,578,product.category_Bijoux
product.category_579,579,product.category_Bijoux
product.category_580,580,product.category_Bijoux
product.category_581,581,product.category_Bijoux
product.category_582,582,product.category_Bijoux
product.category_583,583,product.category_Bijoux
product.category_584,584,product.category_Bijoux
product.category_585,585,product.category_Bijoux
product.category_586,586,product.category_Bijoux
product.category_587,587,product.category_Bijoux
product.category_588,588,product.category_Bijoux
product.category_589,589,product.category_Bijoux
product.category_590,590,product.category_Bijoux
product.category_591,591,product.category_Bijoux
product.category_592,592,product.category_Bijoux
product.category_593,593,product.category_Bijoux
product.category_594,594,product.category_Bijoux
product.category_595,595,product.category_Bijoux
product.category_596,596,product.category_Bijoux
product.category_597,597,product.category_Bijoux
product.category_598,598,product.category_Bijoux
product.category_599,599,product.category_Bijoux
product.category_600,600,product.category_Bijoux
product.category_601,601,product.category_Bijoux
product.category_602,602,product.category_Bijoux
product.category_603,603,product.category_Bijoux
product.category_604,604,product.category_Bijoux
product.category_605,605,product.category_Bijoux
product.category_606,606,product.category_Bijoux
product.category_607,607,product.category_Bijoux
product.category_608,608,product.category_Bijoux
product.category_609,609,product.category_Bijoux
product.category_610,610,product.category_Bijoux
product.category_611,611,product.category_Bijoux
product.category_612,612,product.category_Bijoux
product.category_613,613,product.category_Bijoux
product.category_614,614,product.category_Bijoux
product.category_615,615,product.category_Bijoux
product.category_616,616,product.category_Bijoux
product.category_617,617,product.category_Bijoux
product.category_618,618,product.category_Bijoux
product.category_619,619,product.category_Bijoux
product.category_620,620,product.category_Bijoux
product.category_621,621,product.category_Bijoux
product.category_622,622,product.category_Bijoux
product.category_623,623,product.category_Bijoux
product.category_624,624,product.category_Bijoux
product.category_625,625,product.category_Bijoux
product.category_626,626,product.category_Bijoux
product.category_627,627,product.category_Bijoux
product.category_628,628,product.category_Bijoux
product.category_629,629,product.category_Bijoux
product.category_630,630,product.category_Bijoux
product.category_631,631,product.category_Bijoux
product.category_632,632,product.category_Bijoux
product.category_633,633,product.category_Bijoux
product.category_634,634,product.category_Bijoux
product.category_635,635,product.category_Bijoux
product.category_636,636,product.category_Bijoux
product.category_637,637,product.category_Bijoux
product.category_638,638,product.category_Bijoux
product.category_639,639,product.category_Bijoux
product.category_640,640,product.category_Bijoux
product.category_641,641,product.category_Bijoux
product.category_642,642,product.category_Bijoux
product.category_643,643,product.category_Bijoux
product.category_644,644,product.category_Bijoux
product.category_645,645,product.category_Bijoux
product.category_646,646,product.category_Bijoux
product.category_647,647,product.category_Bijoux
product.category_648,648,product.category_Bijoux
product.category_649,649,product.category_Bijoux
product.category_650,650,product.category_Bijoux
product.category_651,651,product.category_Bijoux
product.category_652,652,product.category_Bijoux
product.category_653,653,product.category_Bijoux
product.category_654,654,product.category_Bijoux
product.category_655,655,product.category_Bijoux
product.category_656,656,product.category_Bijoux
product.category_657,657,product.category_Bijoux
product.category_658,658,product.category_Bijoux
product.category_659,659,product.category_Bijoux
product.category_660,660,product.category_Bijoux
product.category_661,661,product.category_Bijoux
product.category_662,662,product.category_Bijoux
product.category_663,663,product.category_Bijoux
product.category_664,664,product.category_Bijoux
product.category_665,665,product.category_Bijoux
product.category_666,666,product.category_Bijoux
product.category_667,667,product.category_Bijoux
product.category_668,668,product.category_Bijoux
product.category_669,669,product.category_Bijoux
product.category_670,670,product.category_Bijoux
product.category_671,671,product.category_Bijoux
product.category_672,672,product.category_Bijoux
product.category_673,673,product.category_Bijoux
product.category_674,674,product.category_Bijoux
product.category_675,675,product.category_Bijoux
product.category_676,676,product.category_Bijoux
product.category_677,677,product.category_Bijoux
product.category_678,678,product.category_Bijoux
product.category_679,679,product.category_Bijoux
product.category_680,680,product.category_Bijoux
product.category_681,681,product.category_Bijoux
product.category_682,682,product.category_Bijoux
product.category_683,683,product.category_Bijoux
product.category_684,684,product.category_Bijoux
product.category_685,685,product.category_Bijoux
product.category_686,686,product.category_Bijoux
product.category_687,687,product.category_Bijoux
product.category_688,688,product.category_Bijoux
product.category_689,689,product.category_Bijoux
product.category_690,690,product.category_Bijoux
product.category_691,691,product.category_Bijoux
product.category_692,692,product.category_Bijoux
product.category_693,693,product.category_Bijoux
product.category_694,694,product.category_Bijoux
product.category_695,695,product.category_Bijoux
product.category_696,696,product.category_Bijoux
product.category_697,697,product.category_Bijoux
product.category_698,698,product.category_Bijoux
product.category_699,699,product.category_Bijoux
product.category_700,700,product.category_Caddies
product.category_701,701,product.category_Caddies
product.category_702,702,product.category_Caddies
product.category_703,703,product.category_Caddies
product.category_704,704,product.category_Caddies
product.category_705,705,product.category_Caddies
product.category_706,706,product.category_Caddies
product.category_707,707,product.category_Caddies
product.category_708,708,product.category_Caddies
product.category_709,709,product.category_Caddies
product.category_710,710,product.category_Caddies
product.category_711,711,product.category_Caddies
product.category_712,712,product.category_Caddies
product.category_713,713,product.category_Caddies
product.category_714,714,product.category_Caddies
product.category_715,715,product.category_Caddies
product.category_716,716,product.category_Caddies
product.category_717,717,product.category_Caddies
product.category_718,718,product.category_Caddies
product.category_719,719,product.category_Caddies
product.category_720,720,product.category_Caddies
product.category_721,721,product.category_Caddies
product.category_722,722,product.category_Caddies
product.category_723,723,product.category_Caddies
product.category_724,724,product.category_Caddies
product.category_725,725,product.category_Caddies
product.category_726,726,product.category_Caddies
product.category_727,727,product.category_Caddies
product.category_728,728,product.category_Caddies
product.category_729,729,product.category_Caddies
product.category_730,730,product.category_Caddies
product.category_731,731,product.category_Caddies
product.category_732,732,product.category_Caddies
product.category_733,733,product.category_Caddies
product.category_734,734,product.category_Caddies
product.category_735,735,product.category_Caddies
product.category_736,736,product.category_Caddies
product.category_737,737,product.category_Caddies
product.category_738,738,product.category_Caddies
product.category_739,739,product.category_Caddies
product.category_740,740,product.category_Caddies
product.category_741,741,product.category_Caddies
product.category_742,742,product.category_Caddies
product.category_743,743,product.category_Caddies
product.category_744,744,product.category_Caddies
product.category_745,745,product.category_Caddies
product.category_746,746,product.category_Caddies
product.category_747,747,product.category_Caddies
product.category_748,748,product.category_Caddies
product.category_749,749,product.category_Caddies
product.category_750,750,product.category_Caddies
product.category_751,751,product.category_Caddies
product.category_752,752,product.category_Caddies
product.category_753,753,product.category_Caddies
product.category_754,754,product.category_Caddies
product.category_755,755,product.category_Caddies
product.category_756,756,product.category_Caddies
product.category_757,757,product.category_Caddies
product.category_758,758,product.category_Caddies
product.category_759,759,product.category_Caddies
product.category_760,760,product.category_Caddies
product.category_761,761,product.category_Caddies
product.category_762,762,product.category_Caddies
product.category_763,763,product.category_Caddies
product.category_764,764,product.category_Caddies
product.category_765,765,product.category_Caddies
product.category_766,766,product.category_Caddies
product.category_767,767,product.category_Caddies
product.category_768,768,product.category_Caddies
product.category_769,769,product.category_Caddies
product.category_770,770,product.category_Caddies
product.category_771,771,product.category_Caddies
product.category_772,772,product.category_Caddies
product.category_773,773,product.category_Caddies
product.category_774,774,product.category_Caddies
product.category_775,775,product.category_Caddies
product.category_776,776,product.category_Caddies
product.category_777,777,product.category_Caddies
product.category_778,778,product.category_Caddies
product.category_779,779,product.category_Caddies
product.category_780,780,product.category_Caddies
product.category_781,781,product.category_Caddies
product.category_782,782,product.category_Caddies
product.category_783,783,product.category_Caddies
product.category_784,784,product.category_Caddies
product.category_785,785,product.category_Caddies
product.category_786,786,product.category_Caddies
product.category_787,787,product.category_Caddies
product.category_788,788,product.category_Caddies
product.category_789,789,product.category_Caddies
product.category_790,790,product.category_Caddies
product.category_791,791,product.category_Caddies
product.category_792,792,product.category_Caddies
product.category_793,793,product.category_Caddies
product.category_794,794,product.category_Caddies
product.category_795,795,product.category_Caddies
product.category_796,796,product.category_Caddies
product.category_797,797,product.category_Caddies
product.category_798,798,product.category_Caddies
product.category_799,799,product.category_Caddies
product.category_800,800,product.category_Affaires
product.category_801,801,product.category_Affaires
product.category_802,802,product.category_Affaires
product.category_803,803,product.category_Affaires
product.category_804,804,product.category_Affaires
product.category_805,805,product.category_Affaires
product.category_806,806,product.category_Affaires
product.category_807,807,product.category_Affaires
product.category_808,808,product.category_Affaires
product.category_809,809,product.category_Affaires
product.category_810,810,product.category_Affaires
product.category_811,811,product.category_Affaires
product.category_812,812,product.category_Affaires
product.category_813,813,product.category_Affaires
product.category_814,814,product.category_Affaires
product.category_815,815,product.category_Affaires
product.category_816,816,product.category_Affaires
product.category_817,817,product.category_Affaires
product.category_818,818,product.category_Affaires
product.category_819,819,product.category_Affaires
product.category_820,820,product.category_Affaires
product.category_821,821,product.category_Affaires
product.category_822,822,product.category_Affaires
product.category_823,823,product.category_Affaires
product.category_824,824,product.category_Affaires
product.category_825,825,product.category_Affaires
product.category_826,826,product.category_Affaires
product.category_827,827,product.category_Affaires
product.category_828,828,product.category_Affaires
product.category_829,829,product.category_Affaires
product.category_830,830,product.category_Affaires
product.category_831,831,product.category_Affaires
product.category_832,832,product.category_Affaires
product.category_833,833,product.category_Affaires
product.category_834,834,product.category_Affaires
product.category_835,835,product.category_Affaires
product.category_836,836,product.category_Affaires
product.category_837,837,product.category_Affaires
product.category_838,838,product.category_Affaires
product.category_839,839,product.category_Affaires
product.category_840,840,product.category_Affaires
product.category_841,841,product.category_Affaires
product.category_842,842,product.category_Affaires
product.category_843,843,product.category_Affaires
product.category_844,844,product.category_Affaires
product.category_845,845,product.category_Affaires
product.category_846,846,product.category_Affaires
product.category_847,847,product.category_Affaires
product.category_848,848,product.category_Affaires
product.category_849,849,product.category_Affaires
product.category_850,850,product.category_Affaires
product.category_851,851,product.category_Affaires
product.category_852,852,product.category_Affaires
product.category_853,853,product.category_Affaires
product.category_854,854,product.category_Affaires
product.category_855,855,product.category_Affaires
product.category_856,856,product.category_Affaires
product.category_857,857,product.category_Affaires
product.category_858,858,product.category_Affaires
product.category_859,859,product.category_Affaires
product.category_860,860,product.category_Affaires
product.category_861,861,product.category_Affaires
product.category_862,862,product.category_Affaires
product.category_863,863,product.category_Affaires
product.category_864,864,product.category_Affaires
product.category_865,865,product.category_Affaires
product.category_866,866,product.category_Affaires
product.category_867,867,product.category_Affaires
product.category_868,868,product.category_Affaires
product.category_869,869,product.category_Affaires
product.category_870,870,product.category_Affaires
product.category_871,871,product.category_Affaires
product.category_872,872,product.category_Affaires
product.category_873,873,product.category_Affaires
product.category_874,874,product.category_Affaires
product.category_875,875,product.category_Affaires
product.category_876,876,product.category_Affaires
product.category_877,877,product.category_Affaires
product.category_878,878,product.category_Affaires
product.category_879,879,product.category_Affaires
product.category_880,880,product.category_Affaires
product.category_881,881,product.category_Affaires
product.category_882,882,product.category_Affaires
product.category_883,883,product.category_Affaires
product.category_884,884,product.category_Affaires
product.category_885,885,product.category_Affaires
product.category_886,886,product.category_Affaires
product.category_887,887,product.category_Affaires
product.category_888,888,product.category_Affaires
product.category_889,889,product.category_Affaires
product.category_890,890,product.category_Affaires
product.category_891,891,product.category_Affaires
product.category_892,892,product.category_Affaires
product.category_893,893,product.category_Affaires
product.category_894,894,product.category_Affaires
product.category_895,895,product.category_Affaires
product.category_896,896,product.category_Affaires
product.category_897,897,product.category_Affaires
product.category_898,898,product.category_Affaires
product.category_899,899,product.category_Affaires
product.category_900,900,product.category_Affaires
product.category_901,901,product.category_Affaires
product.category_902,902,product.category_Affaires
product.category_903,903,product.category_Affaires
product.category_904,904,product.category_Affaires
product.category_905,905,product.category_Affaires
product.category_906,906,product.category_Affaires
product.category_907,907,product.category_Affaires
product.category_908,908,product.category_Affaires
product.category_909,909,product.category_Affaires
product.category_910,910,product.category_Affaires
product.category_146324,146324,product.category_146
product.category_253032,253032,product.category_253
product.category_253033,253033,product.category_253
product.category_253113,253113,product.category_253
product.category_253344,253344,product.category_253
product.category_253347,253347,product.category_253
product.category_253430,253430,product.category_253
product.category_253432,253432,product.category_253
product.category_253446,253446,product.category_253
product.category_253700,253700,product.category_253
product.category_255001,255001,product.category_255
product.category_255240,255240,product.category_255
product.category_255999,255999,product.category_255
product.category_259090,259090,product.category_282
product.category_259101,259101,product.category_259
product.category_259102,259102,product.category_259
product.category_259305,259305,product.category_259
product.category_259344,259344,product.category_259
product.category_259430,259430,product.category_259
product.category_259446,259446,product.category_259
product.category_259910,259910,product.category_259
product.category_260220,260220,product.category_260
product.category_260230,260230,product.category_260
product.category_260250,260250,product.category_260
product.category_260270,260270,product.category_260
product.category_261008,261008,product.category_261
product.category_261032,261032,product.category_261
product.category_261033,261033,product.category_261
product.category_261060,261060,product.category_261
product.category_261113,261113,product.category_261
product.category_261114,261114,product.category_261
product.category_261118,261118,product.category_261
product.category_261154,261154,product.category_261
product.category_261295,261295,product.category_261
product.category_261336,261336,product.category_261
product.category_261342,261342,product.category_261
product.category_261343,261343,product.category_261
product.category_261344,261344,product.category_261
product.category_261347,261347,product.category_261
product.category_261700,261700,product.category_261
product.category_261853,261853,product.category_261
product.category_262325,262325,product.category_262
product.category_267020,267020,product.category_267
product.category_267030,267030,product.category_267
product.category_267040,267040,product.category_267
product.category_267050,267050,product.category_267
product.category_267060,267060,product.category_267
product.category_267064,267064,product.category_267
product.category_267070,267070,product.category_267
product.category_267090,267090,product.category_267
product.category_267100A,267100A,product.category_267
product.category_267101,267101,product.category_267
product.category_267102,267102,product.category_267
product.category_267103,267103,product.category_267
product.category_267104,267104,product.category_267
product.category_267120A,267120A,product.category_267
product.category_267121,267121,product.category_267
product.category_267122,267122,product.category_267
product.category_267123,267123,product.category_267
product.category_267130,267130,product.category_267
product.category_267131,267131,product.category_267
product.category_267132,267132,product.category_267
product.category_267133,267133,product.category_267
product.category_267140A,267140A,product.category_267
product.category_267141,267141,product.category_267
product.category_267142,267142,product.category_267
product.category_267143,267143,product.category_267
product.category_267144,267144,product.category_267
product.category_267149,267149,product.category_269
product.category_268451,268451,product.category_268
product.category_269110,269110,product.category_269
product.category_269131,269131,product.category_269
product.category_269133,269133,product.category_269
product.category_269142,269142,product.category_269
product.category_269199,269199,product.category_269EVA
product.category_269200,269200,product.category_269EVA
product.category_269201,269201,product.category_269EVA
product.category_269203,269203,product.category_269EVA
product.category_269204,269204,product.category_269EVA
product.category_269205,269205,product.category_269EVA
product.category_269206,269206,product.category_269EVA
product.category_269207,269207,product.category_269EVA
product.category_269208,269208,product.category_269EVA
product.category_269209,269209,product.category_269EVA
product.category_269211,269211,product.category_706
product.category_269212,269212,product.category_706
product.category_269223,269223,product.category_269
product.category_269254,269254,product.category_269PIPING
product.category_269270,269270,product.category_269
product.category_269325,269325,product.category_269
product.category_269501,269501,product.category_273
product.category_269532,269532,product.category_269
product.category_269533,269533,product.category_269
product.category_272001,272001,product.category_272
product.category_272003,272003,product.category_272
product.category_272200,272200,product.category_272
product.category_272201,272201,product.category_272
product.category_272206,272206,product.category_272
product.category_272207,272207,product.category_272
product.category_272208,272208,product.category_272
product.category_272230,272230,product.category_272
product.category_272235,272235,product.category_272
product.category_272240,272240,product.category_272
product.category_272245,272245,product.category_272
product.category_272355,272355,product.category_272
product.category_273001,273001,product.category_273
product.category_273002,273002,product.category_273
product.category_273003,273003,product.category_273
product.category_273004,273004,product.category_273
product.category_273355,273355,product.category_269
product.category_273500,273500,product.category_273
product.category_274001,274001,product.category_274
product.category_274003,274003,product.category_274
product.category_274005,274005,product.category_274
product.category_274206,274206,product.category_274
product.category_274207,274207,product.category_274
product.category_274208,274208,product.category_274
product.category_274250,274250,product.category_274
product.category_274254,274254,product.category_269
product.category_276200,276200,product.category_269EVA
product.category_276201,276201,product.category_269EVA
product.category_276203,276203,product.category_269EVA
product.category_276204,276204,product.category_269EVA
product.category_276205,276205,product.category_269EVA
product.category_277199,277199,product.category_269EVA
product.category_277200,277200,product.category_269EVA
product.category_277201,277201,product.category_269EVA
product.category_277203,277203,product.category_269EVA
product.category_277204,277204,product.category_269EVA
product.category_277205,277205,product.category_269EVA
product.category_280240,280240,product.category_280
product.category_280250,280250,product.category_280
product.category_282020,282020,product.category_282
product.category_282024,282024,product.category_282
product.category_282027,282027,product.category_282
product.category_282028,282028,product.category_282
product.category_282043,282043,product.category_282
product.category_282119,282119,product.category_282
product.category_282182,282182,product.category_282
product.category_282183,282183,product.category_282
product.category_282243,282243,product.category_282
product.category_282264,282264,product.category_282
product.category_282442,282442,product.category_282
product.category_282541,282541,product.category_282
product.category_282600,282600,product.category_282
product.category_282601,282601,product.category_282
product.category_282650,282650,product.category_282
product.category_282660,282660,product.category_282
product.category_282730,282730,product.category_282
product.category_282802,282802,product.category_282
product.category_282808,282808,product.category_282
product.category_283008,283008,product.category_283
product.category_283013,283013,product.category_283
product.category_283015,283015,product.category_283
product.category_283017,283017,product.category_283
product.category_285999,285999,product.category_285
product.category_343173,343173,product.category_369
product.category_343585,343585,product.category_358
product.category_343589,343589,product.category_358
product.category_343591,343591,product.category_358
product.category_344200,344200,product.category_344
product.category_344959,344959,product.category_344
product.category_344965,344965,product.category_344
product.category_344987,344987,product.category_344
product.category_345200,345200,product.category_345
product.category_345959,345959,product.category_345
product.category_345965,345965,product.category_345
product.category_345987,345987,product.category_345
product.category_346200,346200,product.category_367
product.category_346959,346959,product.category_367
product.category_346965,346965,product.category_346
product.category_346987,346987,product.category_367
product.category_347200,347200,product.category_367
product.category_347959,347959,product.category_367
product.category_347965,347965,product.category_367
product.category_347987,347987,product.category_367
product.category_348100,348100,product.category_348
product.category_348101,348101,product.category_348
product.category_348102,348102,product.category_348
product.category_348103,348103,product.category_348
product.category_348751,348751,product.category_348
product.category_349199,349199,product.category_349
product.category_349200,349200,product.category_349
product.category_349205,349205,product.category_349
product.category_349215,349215,product.category_349
product.category_349220,349220,product.category_349
product.category_349230,349230,product.category_349
product.category_349399,349399,product.category_349
product.category_349400,349400,product.category_349
product.category_349410,349410,product.category_349
product.category_349420,349420,product.category_349
product.category_349430,349430,product.category_349
product.category_349900,349900,product.category_349
product.category_351159,351159,product.category_358
product.category_351160,351160,product.category_358
product.category_351161,351161,product.category_358
product.category_352015,352015,product.category_352
product.category_352017,352017,product.category_352
product.category_352022,352022,product.category_352
product.category_352023,352023,product.category_352
product.category_352028,352028,product.category_352
product.category_354233,354233,product.category_354
product.category_354244,354244,product.category_354
product.category_354255,354255,product.category_354
product.category_354266,354266,product.category_354
product.category_354277,354277,product.category_354
product.category_355110,355110,product.category_355
product.category_355120,355120,product.category_355
product.category_355130,355130,product.category_355
product.category_355210,355210,product.category_355
product.category_355220,355220,product.category_355
product.category_355230,355230,product.category_355
product.category_356332,356332,product.category_362
product.category_356641,356641,product.category_356
product.category_356697,356697,product.category_356
product.category_356699,356699,product.category_356
product.category_356751,356751,product.category_356
product.category_357142,357142,product.category_357
product.category_357143,357143,product.category_357
product.category_357200,357200,product.category_357
product.category_357218,357218,product.category_357
product.category_357343,357343,product.category_357
product.category_357399,357399,product.category_357
product.category_357613,357613,product.category_357
product.category_357699,357699,product.category_357
product.category_357801,357801,product.category_405
product.category_357805,357805,product.category_357
product.category_357810,357810,product.category_357
product.category_358928,358928,product.category_358
product.category_360332,360332,product.category_360
product.category_360755,360755,product.category_360
product.category_360757,360757,product.category_360
product.category_364519,364519,product.category_364
product.category_364734,364734,product.category_364
product.category_367133,367133,product.category_367
product.category_367200,367200,product.category_367
product.category_367201,367201,product.category_367
product.category_367227,367227,product.category_367
product.category_367228,367228,product.category_367
product.category_367288,367288,product.category_367
product.category_367289,367289,product.category_367
product.category_367301,367301,product.category_367
product.category_367458,367458,product.category_367
product.category_367504,367504,product.category_367
product.category_367511,367511,product.category_367
product.category_367533,367533,product.category_367
product.category_367641,367641,product.category_367
product.category_367692,367692,product.category_367
product.category_367730,367730,product.category_367
product.category_367731,367731,product.category_367
product.category_367732,367732,product.category_367
product.category_367733,367733,product.category_367
product.category_367734,367734,product.category_367
product.category_367753,367753,product.category_367
product.category_367754,367754,product.category_367
product.category_367811,367811,product.category_367
product.category_367822,367822,product.category_367
product.category_367828,367828,product.category_367
product.category_367833,367833,product.category_367
product.category_367844,367844,product.category_367
product.category_367933,367933,product.category_367
product.category_367944,367944,product.category_367
product.category_367959,367959,product.category_367
product.category_367965,367965,product.category_367
product.category_367987,367987,product.category_367
product.category_367990,367990,product.category_367
product.category_369173,369173,product.category_369
product.category_369174,369174,product.category_369
product.category_369175,369175,product.category_369
product.category_369178,369178,product.category_369
product.category_378083,378083,product.category_378
product.category_378084,378084,product.category_378
product.category_378127,378127,product.category_378
product.category_378274,378274,product.category_378
product.category_378285,378285,product.category_378
product.category_378286,378286,product.category_378
product.category_378579,378579,product.category_378
product.category_378614,378614,product.category_378
product.category_378692,378692,product.category_378
product.category_378693,378693,product.category_378
product.category_378733,378733,product.category_378
product.category_378766,378766,product.category_378
product.category_378804,378804,product.category_378
product.category_378806,378806,product.category_378
product.category_378812,378812,product.category_378
product.category_378818,378818,product.category_378
product.category_378824,378824,product.category_378
product.category_378906,378906,product.category_378
product.category_378912,378912,product.category_378
product.category_390227,390227,product.category_390
product.category_390228,390228,product.category_390
product.category_390309,390309,product.category_390
product.category_390320,390320,product.category_390
product.category_390483,390483,product.category_390
product.category_390484,390484,product.category_390
product.category_390485,390485,product.category_390
product.category_390874,390874,product.category_390
product.category_391907,391907,product.category_391
product.category_395905,395905,product.category_395
product.category_405003,405003,product.category_405
product.category_425154,425154,product.category_425
product.category_425155,425155,product.category_425
product.category_425278,425278,product.category_425
product.category_425641,425641,product.category_425
product.category_431729,431729,product.category_367
product.category_431730,431730,product.category_367
product.category_451122,451122,product.category_451
product.category_460239,460239,product.category_460
product.category_460241,460241,product.category_460
product.category_460243,460243,product.category_460
product.category_460341,460341,product.category_460
product.category_460344,460344,product.category_460
product.category_460633,460633,product.category_460
product.category_460637,460637,product.category_460
product.category_460846,460846,product.category_460
product.category_461239,461239,product.category_461
product.category_461241,461241,product.category_461
product.category_461341,461341,product.category_461
product.category_461405,461405,product.category_461
product.category_461409,461409,product.category_461
product.category_461430,461430,product.category_461
product.category_461431,461431,product.category_461
product.category_461432,461432,product.category_461
product.category_462053,462053,product.category_462
product.category_462101,462101,product.category_462
product.category_462102,462102,product.category_462
product.category_462165,462165,product.category_462
product.category_463340,463340,product.category_463
product.category_463341,463341,product.category_463
product.category_463633,463633,product.category_463
product.category_464339,464339,product.category_464
product.category_464340,464340,product.category_464
product.category_464341,464341,product.category_464
product.category_464700,464700,product.category_464
product.category_465372,465372,product.category_465
product.category_465515,465515,product.category_465
product.category_472121,472121,product.category_472
product.category_474028,474028,product.category_474
product.category_474029,474029,product.category_474
product.category_474030,474030,product.category_474
product.category_474031,474031,product.category_474
product.category_474033,474033,product.category_474
product.category_474034,474034,product.category_474
product.category_474035,474035,product.category_474
product.category_476038,476038,product.category_476
product.category_476039,476039,product.category_476
product.category_476040,476040,product.category_476
product.category_476041,476041,product.category_476
product.category_476042,476042,product.category_476
product.category_476112,476112,product.category_476
product.category_476433,476433,product.category_451
product.category_476440,476440,product.category_476
product.category_484012,484012,product.category_484
product.category_484019,484019,product.category_484
product.category_484121,484121,product.category_484
product.category_484122,484122,product.category_484
product.category_484726,484726,product.category_484
product.category_485405,485405,product.category_485
product.category_486418,486418,product.category_486
product.category_486419,486419,product.category_486
product.category_489009,489009,product.category_489
product.category_498033,498033,product.category_498
product.category_499220,499220,product.category_499
product.category_499317,499317,product.category_499
product.category_499318,499318,product.category_499
product.category_499333,499333,product.category_499
product.category_499793,499793,product.category_499
product.category_499837,499837,product.category_499
product.category_706001,706001,product.category_706
product.category_706002,706002,product.category_706
product.category_706004,706004,product.category_706
product.category_706005,706005,product.category_706
product.category_706009,706009,product.category_706
product.category_706010,706010,product.category_706
product.category_706017,706017,product.category_706
product.category_706020,706020,product.category_706
product.category_706021,706021,product.category_706
product.category_706022,706022,product.category_706
product.category_706030,706030,product.category_706
product.category_706040,706040,product.category_706
product.category_706045,706045,product.category_706
product.category_706050,706050,product.category_706
product.category_706060,706060,product.category_706
product.category_706061,706061,product.category_706
product.category_707010,707010,product.category_707
product.category_707803,707803,product.category_707
product.category_707804,707804,product.category_707
product.category_709200,709200,product.category_709
product.category_709220,709220,product.category_709
product.category_709250,709250,product.category_709
product.category_710004,710004,product.category_710
product.category_710005,710005,product.category_710
product.category_710006,710006,product.category_710
product.category_710007,710007,product.category_710
product.category_710008,710008,product.category_710
product.category_710009,710009,product.category_710
product.category_710029,710029,product.category_710
product.category_710032,710032,product.category_710
product.category_710033,710033,product.category_710
product.category_710034,710034,product.category_710
product.category_710035,710035,product.category_710
product.category_710036,710036,product.category_710
product.category_710037,710037,product.category_710
product.category_710038,710038,product.category_710
product.category_710042,710042,product.category_710
product.category_710049,710049,product.category_710
product.category_710051,710051,product.category_710
product.category_710058,710058,product.category_710
product.category_710059,710059,product.category_710
product.category_710067,710067,product.category_710
product.category_710074,710074,product.category_710
product.category_710075,710075,product.category_710
product.category_710080,710080,product.category_710
product.category_710208,710208,product.category_710
product.category_710813,710813,product.category_710
product.category_710850,710850,product.category_710
product.category_725015,725015,product.category_725
product.category_725059,725059,product.category_725
product.category_725080,725080,product.category_725
product.category_725104,725104,product.category_725
product.category_725105,725105,product.category_725
product.category_725108,725108,product.category_725
product.category_725110,725110,product.category_725
product.category_725114,725114,product.category_725
product.category_725120,725120,product.category_725
product.category_725260,725260,product.category_725
product.category_725286,725286,product.category_725
product.category_725446,725446,product.category_725
product.category_725447,725447,product.category_725
product.category_725448,725448,product.category_725
product.category_725449,725449,product.category_725
product.category_730002,730002,product.category_730
product.category_730004,730004,product.category_730
product.category_730006,730006,product.category_730
product.category_730007,730007,product.category_730
product.category_730008,730008,product.category_730
product.category_730009,730009,product.category_730
product.category_730011,730011,product.category_730
product.category_730012,730012,product.category_730
product.category_730013,730013,product.category_730
product.category_730014,730014,product.category_730
product.category_730015,730015,product.category_730
product.category_730017,730017,product.category_730
product.category_730022,730022,product.category_730
product.category_730024,730024,product.category_730
product.category_730029,730029,product.category_730
product.category_730032,730032,product.category_730
product.category_730033,730033,product.category_730
product.category_730034,730034,product.category_730
product.category_730035,730035,product.category_730
product.category_730036,730036,product.category_730
product.category_730037,730037,product.category_730
product.category_730038,730038,product.category_730
product.category_730042,730042,product.category_730
product.category_730044,730044,product.category_730
product.category_730049,730049,product.category_730
product.category_730051,730051,product.category_730
product.category_730056,730056,product.category_730
product.category_730057,730057,product.category_730
product.category_730062,730062,product.category_730
product.category_730064,730064,product.category_730
product.category_730067,730067,product.category_730
product.category_730072,730072,product.category_730
product.category_730073,730073,product.category_730
product.category_730074,730074,product.category_730
product.category_730075,730075,product.category_730
product.category_730080,730080,product.category_730
product.category_730093,730093,product.category_730
product.category_730095,730095,product.category_730
product.category_730107,730107,product.category_730
product.category_730111,730111,product.category_730
product.category_730188,730188,product.category_730
product.category_730188A,730188A,product.category_730
product.category_730205,730205,product.category_730
product.category_730272,730272,product.category_730
product.category_730370,730370,product.category_730
product.category_730499,730499,product.category_730
product.category_730850,730850,product.category_730
product.category_730860,730860,product.category_730
product.category_731058,731058,product.category_730
product.category_731059,731059,product.category_730
product.category_850001,850001,product.category_850
product.category_850002,850002,product.category_850
product.category_850003,850003,product.category_850
product.category_850004,850004,product.category_850
product.category_850005,850005,product.category_850
product.category_850006,850006,product.category_850
product.category_850007,850007,product.category_850
product.category_850008,850008,product.category_850
product.category_850011,850011,product.category_850
product.category_850012,850012,product.category_850
product.category_850013,850013,product.category_850
product.category_851001,851001,product.category_851
product.category_851003,851003,product.category_851
product.category_851004,851004,product.category_851
product.category_851005,851005,product.category_851
product.category_851006,851006,product.category_851
product.category_851007,851007,product.category_851
product.category_851008,851008,product.category_851
product.category_851009,851009,product.category_851
product.category_851010,851010,product.category_851
product.category_851011,851011,product.category_851
product.category_910139,910139,product.category_461
product.category_910508,910508,product.category_282
product.category_262326,262326,product.category_262
product.category_262327,262327,product.category_262
product.category_262328,262328,product.category_262
product.category_267011,267011,product.category_267
product.category_267012,267012,product.category_267
product.category_267013,267013,product.category_267
product.category_267021,267021,product.category_267
product.category_267022,267022,product.category_267
product.category_267023,267023,product.category_267
product.category_267031,267031,product.category_267
product.category_267032,267032,product.category_267
product.category_267041,267041,product.category_267
product.category_267042,267042,product.category_267
product.category_267043,267043,product.category_267
product.category_267051,267051,product.category_267
product.category_267052,267052,product.category_267
product.category_267053,267053,product.category_267
product.category_267061,267061,product.category_267
product.category_267062,267062,product.category_267
product.category_267063,267063,product.category_267
product.category_267071,267071,product.category_267
product.category_267072,267072,product.category_267
product.category_267073,267073,product.category_267
product.category_267081,267081,product.category_267
product.category_267082,267082,product.category_267
product.category_267083,267083,product.category_267
product.category_267100,267100,product.category_267
product.category_267120,267120,product.category_267
product.category_267140,267140,product.category_267
product.category_269111,269111,product.category_269
product.category_269112,269112,product.category_269
product.category_269113,269113,product.category_269
product.category_269214,269214,product.category_269
product.category_269215,269215,product.category_269
product.category_269216,269216,product.category_269
product.category_269251,269251,product.category_269
product.category_269252,269252,product.category_269
product.category_269253,269253,product.category_269
product.category_269261,269261,product.category_269
product.category_269262,269262,product.category_269
product.category_269263,269263,product.category_269
product.category_269271,269271,product.category_269
product.category_269272,269272,product.category_269
product.category_269273,269273,product.category_269
product.category_269326,269326,product.category_269
product.category_269327,269327,product.category_269
product.category_269328,269328,product.category_269
product.category_272356,272356,product.category_272
product.category_272357,272357,product.category_272
product.category_272358,272358,product.category_272
product.category_273011,273011,product.category_273
product.category_273012,273012,product.category_273
product.category_273013,273013,product.category_273
product.category_273356,273356,product.category_273
product.category_273357,273357,product.category_273
product.category_273358,273358,product.category_273
product.category_274251,274251,product.category_274
product.category_274252,274252,product.category_274
product.category_274253,274253,product.category_274
